insert into manufacturer (id, name) values (1, 'Linklinks');
insert into manufacturer (id, name) values (2, 'Edgetag');
insert into manufacturer (id, name) values (3, 'Tazz');
insert into manufacturer (id, name) values (4, 'Tagpad');
insert into manufacturer (id, name) values (5, 'Livetube');
insert into manufacturer (id, name) values (6, 'Realmix');
insert into manufacturer (id, name) values (7, 'Dablist');


insert into employee (id, store_id, name, address, title) values (1, 1, 'Desmund', 'Manley', 'Manager');
insert into employee (id, store_id, name, address, title)values (2, 2, 'Kinnie', 'High Crossing', 'Manager');
insert into employee (id, store_id, name, address, title) values (3, 3, 'Jewel', 'Bashford', 'Manager');
insert into employee (id, store_id, name, address, title) values (4, 4, 'Kania', '8th', 'Manager');
insert into employee (id, store_id, name, address, title) values (5, 5, 'Jasen', 'Ridgeway', 'Manager');
insert into employee (id, store_id, name, address, title) values (6, 6, 'Janeva', 'Bluestem', 'Manager');
insert into employee (id, store_id, name, address, title) values (7, 7, 'Sydney', 'Caliangt', 'Manager');
insert into employee (id, store_id, name, address, title) values (8, 1, 'Catarina', 'Brickson Park', 'Cashier');
insert into employee (id, store_id, name, address, title) values (9, 1, 'Harley', 'Ludington', 'Cashier');
insert into employee (id, store_id, name, address, title) values (10, 1, 'Mallorie', 'Brown', 'Cashier');
insert into employee (id, store_id, name, address, title) values (11, 1, 'Glenn', 'Surrey', 'Cashier');
insert into employee (id, store_id, name, address, title) values (12, 1, 'Joy', 'Anzinger', 'Cashier');
insert into employee (id, store_id, name, address, title) values (13, 2, 'Lin', 'Beilfuss', 'Cashier');
insert into employee (id, store_id, name, address, title) values (14, 2, 'Shara', 'Amoth', 'Cashier');
insert into employee (id, store_id, name, address, title) values (15, 2, 'Raoul', 'Becker', 'Cashier');
insert into employee (id, store_id, name, address, title) values (16, 2, 'Tania', 'Mesta', 'Cashier');
insert into employee (id, store_id, name, address, title) values (17, 2, 'Gram', 'Farwell', 'Cashier');
insert into employee (id, store_id, name, address, title) values (18, 2, 'Benedetto', 'Farmco', 'Cashier');
insert into employee (id, store_id, name, address, title) values (19, 3, 'Deanne', 'Brickson Park', 'Cashier');
insert into employee (id, store_id, name, address, title) values (20, 3, 'Kenneth', 'Caliangt', 'Cashier');
insert into employee (id, store_id, name, address, title) values (21, 3, 'Winna', 'Bayside', 'Cashier');
insert into employee (id, store_id, name, address, title) values (22, 3, 'Josephine', 'Talisman', 'Cashier');
insert into employee (id, store_id, name, address, title) values (23, 3, 'Byram', 'Oxford', 'Cashier');
insert into employee (id, store_id, name, address, title) values (24, 3, 'Gail', 'Pepper Wood', 'Cashier');
insert into employee (id, store_id, name, address, title) values (25, 4, 'Abran', 'Continental', 'Cashier');
insert into employee (id, store_id, name, address, title) values (26, 4, 'Gertruda', 'Brown', 'Cashier');
insert into employee (id, store_id, name, address, title) values (27, 4, 'Bernelle', 'Barby', 'Cashier');
insert into employee (id, store_id, name, address, title) values (28, 4, 'Jarvis', 'Killdeer', 'Cashier');
insert into employee (id, store_id, name, address, title) values (29, 4, 'Evvie', 'Luster', 'Cashier');
insert into employee (id, store_id, name, address, title) values (30, 4, 'Johan', '1st', 'Cashier');
insert into employee (id, store_id, name, address, title) values (31, 5, 'Bryant', 'Twin Pines', 'Cashier');
insert into employee (id, store_id, name, address, title) values (32, 5, 'Niccolo', 'Brentwood', 'Cashier');
insert into employee (id, store_id, name, address, title) values (33, 5, 'Tirrell', 'Maryland', 'Cashier');
insert into employee (id, store_id, name, address, title) values (34, 5, 'Gerome', 'Basil', 'Cashier');
insert into employee (id, store_id, name, address, title) values (35, 5, 'Emmalyn', '7th', 'Cashier');
insert into employee (id, store_id, name, address, title) values (36, 6, 'Ximenez', 'Bluestem', 'Cashier');
insert into employee (id, store_id, name, address, title) values (37, 6, 'Jose', 'Florence', 'Cashier');
insert into employee (id, store_id, name, address, title) values (38, 6, 'Ag', 'Beilfuss', 'Cashier');
insert into employee (id, store_id, name, address, title) values (39, 6, 'Janaya', 'Fremont', 'Cashier');
insert into employee (id, store_id, name, address, title) values (40, 6, 'Had', 'Arrowood', 'Cashier');
insert into employee (id, store_id, name, address, title) values (41, 7, 'Neila', 'Lakeland', 'Cashier');
insert into employee (id, store_id, name, address, title) values (42, 7, 'Ingelbert', 'Fairfield', 'Cashier');
insert into employee (id, store_id, name, address, title) values (43, 7, 'Nadia', 'Lyons', 'Cashier');
insert into employee (id, store_id, name, address, title) values (44, 7, 'Ransell', 'Cardinal', 'Cashier');
insert into employee (id, store_id, name, address, title) values (45, 7, 'Anastassia', 'Starling', 'Cashier');
insert into employee (id, store_id, name, address, title) values (46, 7, 'Alysa', 'Parkside', 'Cashier');


insert into store (id, manager_id, city, name, address) values (1, 1, 'California', 'Initech', 'Arkansas');
insert into store (id, manager_id, city, name, address) values (2, 2, 'California', 'Hooli', 'Acker');
insert into store (id, manager_id, city, name, address) values (3, 3, 'New York', 'Initech', 'Miller');
insert into store (id, manager_id, city, name, address) values (4, 4, 'New York', 'Hooli', 'Blue Bill Park');
insert into store (id, manager_id, city, name, address) values (5, 5, 'Seattle', 'Initech', 'Rutledge');
insert into store (id, manager_id, city, name, address) values (6, 6, 'Seattle', 'Hooli', 'Lindbergh');
insert into store (id, manager_id, city, name, address) values (7, 7, 'Texas', 'Initech', 'Oxford');


insert into online_store (id, web_address) values (1, 'initech.com');
insert into online_store (id, web_address) values (2, 'hooli.com');


insert into shipper (id, name) values (1, 'Dr. Delivery');
insert into shipper (id, name) values (2, 'Same Day Service');
insert into shipper (id, name) values (3, 'Last Minute Labor');


insert into product (id, name, type, in_store_quantity, warehouse_quantity, price, manufacturer_id) values (1, 'Linkphone', 'smartphones', 18, 94, 999.00, 1);
insert into product (id, name, type, in_store_quantity, warehouse_quantity, price, manufacturer_id) values (2, 'LL Cameras', 'cameras', 31, 86, 192.00, 1);
insert into product (id, name, type, in_store_quantity, warehouse_quantity, price, manufacturer_id) values (3, 'LL Speakers', 'speakers', 12, 37, 279.00, 1);
insert into product (id, name, type, in_store_quantity, warehouse_quantity, price, manufacturer_id) values (4, 'Linktop', 'laptops', 22, 86, 1999.00, 1);
insert into product (id, name, type, in_store_quantity, warehouse_quantity, price, manufacturer_id) values (5, 'Edge', 'smartphones', 53, 70, 730.00, 2);
insert into product (id, name, type, in_store_quantity, warehouse_quantity, price, manufacturer_id) values (6, 'EdgeEdge', 'cameras', 35, 91, 169.99, 2);
insert into product (id, name, type, in_store_quantity, warehouse_quantity, price, manufacturer_id) values (7, 'TagTag', 'speakers', 16, 21, 229.00, 2);
insert into product (id, name, type, in_store_quantity, warehouse_quantity, price, manufacturer_id) values (8, 'Tag', 'laptops', 15, 51, 1199.00, 2);
insert into product (id, name, type, in_store_quantity, warehouse_quantity, price, manufacturer_id) values (9, 'ZZ', 'smartphones', 48, 51, 730.00, 3);
insert into product (id, name, type, in_store_quantity, warehouse_quantity, price, manufacturer_id) values (10, 'Ta', 'laptops', 24, 56, 929.00, 3);
insert into product (id, name, type, in_store_quantity, warehouse_quantity, price, manufacturer_id) values (11, 'TPad', 'smartphones', 13, 27, 850.00, 4);
insert into product (id, name, type, in_store_quantity, warehouse_quantity, price, manufacturer_id) values (12, 'TagP', 'speakers', 55, 74, 109.99, 4);
insert into product (id, name, type, in_store_quantity, warehouse_quantity, price, manufacturer_id) values (13, 'tAGpAD', 'laptops', 15, 32, 951.00, 4);
insert into product (id, name, type, in_store_quantity, warehouse_quantity, price, manufacturer_id) values (14, 'LivePlug', 'smart-home techs', 27, 32, 20.00, 5);
insert into product (id, name, type, in_store_quantity, warehouse_quantity, price, manufacturer_id) values (15, 'LiveEcho', 'smart-home techs', 27, 69, 60.00, 5);
insert into product (id, name, type, in_store_quantity, warehouse_quantity, price, manufacturer_id) values (16, 'LiveLock', 'smart-home techs', 12, 79, 230.00, 5);
insert into product (id, name, type, in_store_quantity, warehouse_quantity, price, manufacturer_id) values (17, 'LiveGarden', 'smart-home techs', 12, 18, 140.00, 5);
insert into product (id, name, type, in_store_quantity, warehouse_quantity, price, manufacturer_id) values (18, '6-month subscription + expansion pack', 'content-related gifts', 13, 58, 37.99, 7);
insert into product (id, name, type, in_store_quantity, warehouse_quantity, price, manufacturer_id) values (19, 'Real', 'consoles', 56, 70, 349.99, 6);
insert into product (id, name, type, in_store_quantity, warehouse_quantity, price, manufacturer_id) values (20, 'Real Lite', 'consoles', 12, 30, 299.99, 6);
insert into product (id, name, type, in_store_quantity, warehouse_quantity, price, manufacturer_id) values (21, 'Real OLED', 'consoles', 24, 85, 199.99, 6);
insert into product (id, name, type, in_store_quantity, warehouse_quantity, price, manufacturer_id) values (22, '3-month subscription', 'content-related gifts', 15, 49, 3.99, 7);
insert into product (id, name, type, in_store_quantity, warehouse_quantity, price, manufacturer_id) values (23, '6-month subscription', 'content-related gifts', 49, 57, 7.99, 7);
insert into product (id, name, type, in_store_quantity, warehouse_quantity, price, manufacturer_id) values (24, '12-month subscription', 'content-related gifts', 55, 97, 19.99, 7);
insert into product (id, name, type, in_store_quantity, warehouse_quantity, price, manufacturer_id) values (25, '12-month subscription + expansion pack', 'content-related gifts', 36, 45, 49.99, 7);


insert into customer (id, name, address, subscription, payment_method) values (1, 'Michelle', '6 Blackbird Park', false, 'credit card');
insert into customer (id, name, address, subscription) values (2, 'Almira', '324 Rigney Plaza', true);
insert into customer (id, name, address, subscription, payment_method) values (3, 'Bobbee', '98003 Oak Valley Point', false, 'debit card');
insert into customer (id, name, address, subscription, payment_method) values (4, 'Michaelina', '94683 Main Junction', false, 'credit card');
insert into customer (id, name, address, subscription) values (5, 'Freemon', '317 Sachtjen Circle', true);
insert into customer (id, name, address, subscription, payment_method) values (6, 'Farlee', '26143 Hansons Lane', false, 'debit card');
insert into customer (id, name, address, subscription, payment_method) values (7, 'Andrey', '9394 North Way', false, 'credit card');
insert into customer (id, name, address, subscription) values (8, 'Locke', '94 Waywood Plaza', true);
insert into customer (id, name, address, subscription) values (9, 'Roseann', '2600 Golden Leaf Park', true);
insert into customer (id, name, address, subscription) values (10, 'Ardeen', '4 Holmberg Court', true);
insert into customer (id, name, address, subscription, payment_method) values (11, 'Frederique', '93181 Weeping Birch Hill', false, 'credit card');
insert into customer (id, name, address, subscription, payment_method) values (12, 'Jenn', '7 Pankratz Plaza', false, 'debit card');
insert into customer (id, name, address, subscription, payment_method) values (13, 'Maris', '080 Valley Edge Pass', false, 'credit card');
insert into customer (id, name, address, subscription) values (14, 'Nikita', '8 Gale Circle', true);
insert into customer (id, name, address, subscription) values (15, 'Shanta', '805 Manley Hill', true);
insert into customer (id, name, address, subscription, payment_method) values (16, 'Doll', '533 Havey Parkway', false, 'credit card');
insert into customer (id, name, address, subscription, payment_method) values (17, 'Isidor', '79 3rd Parkway', false, 'credit card');
insert into customer (id, name, address, subscription) values (18, 'Adham', '2 Eagan Junction', true);
insert into customer (id, name, address, subscription, payment_method) values (19, 'Gregor', '31379 Alpine Park', false, 'debit card');
insert into customer (id, name, address, subscription, payment_method) values (20, 'Catharine', '14 Vidon Crossing', false, 'credit card');
insert into customer (id, name, address, subscription, payment_method) values (21, 'Bron', '493 Crownhardt Center', false, 'debit card');
insert into customer (id, name, address, subscription) values (22, 'Maximilianus', '399 Morning Crossing', true);
insert into customer (id, name, address, subscription, payment_method) values (23, 'Isis', '457 Porter Hill', false, 'credit card');
insert into customer (id, name, address, subscription) values (24, 'Tiertza', '29 Prairie Rose Street', true);
insert into customer (id, name, address, subscription) values (25, 'Ambrose', '12 Acker Terrace', true);
insert into customer (id, name, address, subscription) values (26, 'Talyah', '416 Merry Park', true);
insert into customer (id, name, address, subscription, payment_method) values (27, 'Rowen', '8265 Morrow Trail', false, 'debit card');
insert into customer (id, name, address, subscription, payment_method) values (28, 'Sully', '8942 Sunnyside Center', false, 'credit card');
insert into customer (id, name, address, subscription) values (29, 'Moyra', '68 Westport Road', true);
insert into customer (id, name, address, subscription) values (30, 'Melva', '1 Eastwood Park', true);
insert into customer (id, name, address, subscription, payment_method) values (31, 'Dorian', '2217 Sunbrook Place', false, 'credit card');
insert into customer (id, name, address, subscription) values (32, 'Humfrey', '8446 Schlimgen Trail', true);
insert into customer (id, name, address, subscription, payment_method) values (33, 'Drusy', '48 Forster Lane', false, 'credit card');
insert into customer (id, name, address, subscription) values (34, 'Cosmo', '83 Crescent Oaks Park', true);
insert into customer (id, name, address, subscription) values (35, 'Goober', '42958 Shoshone Road', true);
insert into customer (id, name, address, subscription, payment_method) values (36, 'Mollee', '549 Farragut Point', false, 'debit card');
insert into customer (id, name, address, subscription, payment_method) values (37, 'Goldi', '750 Algoma Lane', false, 'credit card');
insert into customer (id, name, address, subscription) values (38, 'Mitzi', '3 Graceland Hill', true);
insert into customer (id, name, address, subscription, payment_method) values (39, 'Trish', '551 Karstens Place', false, 'debit card');
insert into customer (id, name, address, subscription, payment_method) values (40, 'Ward', '62648 Maryland Junction', false, 'debit card');
insert into customer (id, name, address, subscription) values (41, 'Liuka', '590 Golf Course Terrace', true);
insert into customer (id, name, address, subscription) values (42, 'Marianne', '6 Warrior Crossing', true);


insert into "order" (id, amount) values (1, 49.99);
insert into "order" (id, amount) values (2, 1199);
insert into "order" (id, amount) values (3, 140);
insert into "order" (id, amount) values (4, 199.99);
insert into "order" (id, amount) values (5, 20);
insert into "order" (id, amount) values (6, 1060.99);
insert into "order" (id, amount) values (7, 999);
insert into "order" (id, amount) values (8, 199.99);
insert into "order" (id, amount) values (9, 479.99);
insert into "order" (id, amount) values (10, 7.99);
insert into "order" (id, amount) values (11, 230);
insert into "order" (id, amount) values (12, 999);
insert into "order" (id, amount) values (13, 143.99);
insert into "order" (id, amount) values (14, 299.99);
insert into "order" (id, amount) values (15, 60);
insert into "order" (id, amount) values (16, 337.98);
insert into "order" (id, amount) values (17, 850);
insert into "order" (id, amount) values (18, 279);
insert into "order" (id, amount) values (19, 999);
insert into "order" (id, amount) values (20, 229);
insert into "order" (id, amount) values (21, 279);
insert into "order" (id, amount) values (22, 1999);
insert into "order" (id, amount) values (23, 910);
insert into "order" (id, amount) values (24, 929);
insert into "order" (id, amount) values (25, 1999);
insert into "order" (id, amount) values (26, 730);
insert into "order" (id, amount) values (27, 19.99);
insert into "order" (id, amount) values (28, 140);
insert into "order" (id, amount) values (29, 299.99);
insert into "order" (id, amount) values (30, 1199);
insert into "order" (id, amount) values (31, 1428);
insert into "order" (id, amount) values (32, 230);
insert into "order" (id, amount) values (33, 49.99);
insert into "order" (id, amount) values (34, 850);
insert into "order" (id, amount) values (35, 730);
insert into "order" (id, amount) values (36, 109.99);
insert into "order" (id, amount) values (37, 299.99);
insert into "order" (id, amount) values (38, 60);
insert into "order" (id, amount) values (39, 349.99);
insert into "order" (id, amount) values (40, 140);
insert into "order" (id, amount) values (41, 1158.99);
insert into "order" (id, amount) values (42, 1999);
insert into "order" (id, amount) values (43, 1199);
insert into "order" (id, amount) values (44, 279);
insert into "order" (id, amount) values (45, 730);
insert into "order" (id, amount) values (46, 229);
insert into "order" (id, amount) values (47, 850);
insert into "order" (id, amount) values (48, 49.99);
insert into "order" (id, amount) values (49, 199.99);
insert into "order" (id, amount) values (50, 192);
insert into "order" (id, amount) values (51, 951);
insert into "order" (id, amount) values (52, 439.99);
insert into "order" (id, amount) values (53, 730);
insert into "order" (id, amount) values (54, 730);
insert into "order" (id, amount) values (55, 1929);
insert into "order" (id, amount) values (56, 140);
insert into "order" (id, amount) values (57, 37.99);
insert into "order" (id, amount) values (58, 359.99);
insert into "order" (id, amount) values (59, 3.99);
insert into "order" (id, amount) values (60, 279);
insert into "order" (id, amount) values (61, 999);
insert into "order" (id, amount) values (62, 1960);
insert into "order" (id, amount) values (63, 60);
insert into "order" (id, amount) values (64, 109.99);
insert into "order" (id, amount) values (65, 279);

insert into order_items (order_id, product_id) values (1, 25);
insert into order_items (order_id, product_id) values (2, 8);
insert into order_items (order_id, product_id) values (3, 17);
insert into order_items (order_id, product_id) values (4, 21);
insert into order_items (order_id, product_id) values (5, 14);
insert into order_items (order_id, product_id) values (6, 12);
insert into order_items (order_id, product_id) values (6, 13);
insert into order_items (order_id, product_id) values (7, 1);
insert into order_items (order_id, product_id) values (8, 21);
insert into order_items (order_id, product_id) values (9, 17);
insert into order_items (order_id, product_id) values (9, 16);
insert into order_items (order_id, product_id) values (9, 12);
insert into order_items (order_id, product_id) values (10, 23);
insert into order_items (order_id, product_id) values (11, 16);
insert into order_items (order_id, product_id) values (12, 1);
insert into order_items (order_id, product_id) values (13, 22);
insert into order_items (order_id, product_id) values (13, 17);
insert into order_items (order_id, product_id) values (14, 20);
insert into order_items (order_id, product_id) values (15, 15);
insert into order_items (order_id, product_id) values (16, 20);
insert into order_items (order_id, product_id) values (16, 18);
insert into order_items (order_id, product_id) values (17, 11);
insert into order_items (order_id, product_id) values (18, 3);
insert into order_items (order_id, product_id) values (19, 1);
insert into order_items (order_id, product_id) values (20, 7);
insert into order_items (order_id, product_id) values (21, 3);
insert into order_items (order_id, product_id) values (22, 4);
insert into order_items (order_id, product_id) values (23, 11);
insert into order_items (order_id, product_id) values (23, 15);
insert into order_items (order_id, product_id) values (24, 10);
insert into order_items (order_id, product_id) values (25, 4);
insert into order_items (order_id, product_id) values (26, 5);
insert into order_items (order_id, product_id) values (27, 24);
insert into order_items (order_id, product_id) values (28, 17);
insert into order_items (order_id, product_id) values (29, 20);
insert into order_items (order_id, product_id) values (30, 8);
insert into order_items (order_id, product_id) values (31, 7);
insert into order_items (order_id, product_id) values (31, 8);
insert into order_items (order_id, product_id) values (32, 16);
insert into order_items (order_id, product_id) values (33, 25);
insert into order_items (order_id, product_id) values (34, 11);
insert into order_items (order_id, product_id) values (35, 9);
insert into order_items (order_id, product_id) values (36, 12);
insert into order_items (order_id, product_id) values (37, 20);
insert into order_items (order_id, product_id) values (38, 15);
insert into order_items (order_id, product_id) values (39, 19);
insert into order_items (order_id, product_id) values (40, 17);
insert into order_items (order_id, product_id) values (41, 2);
insert into order_items (order_id, product_id) values (41, 10);
insert into order_items (order_id, product_id) values (41, 18);
insert into order_items (order_id, product_id) values (42, 4);
insert into order_items (order_id, product_id) values (43, 8);
insert into order_items (order_id, product_id) values (44, 3);
insert into order_items (order_id, product_id) values (45, 5);
insert into order_items (order_id, product_id) values (46, 7);
insert into order_items (order_id, product_id) values (47, 11);
insert into order_items (order_id, product_id) values (48, 25);
insert into order_items (order_id, product_id) values (48, 20);
insert into order_items (order_id, product_id) values (48, 4);
insert into order_items (order_id, product_id) values (49, 21);
insert into order_items (order_id, product_id) values (50, 2);
insert into order_items (order_id, product_id) values (51, 13);
insert into order_items (order_id, product_id) values (52, 17);
insert into order_items (order_id, product_id) values (52, 20);
insert into order_items (order_id, product_id) values (53, 5);
insert into order_items (order_id, product_id) values (54, 9);
insert into order_items (order_id, product_id) values (55, 8);
insert into order_items (order_id, product_id) values (55, 5);
insert into order_items (order_id, product_id) values (56, 17);
insert into order_items (order_id, product_id) values (57, 18);
insert into order_items (order_id, product_id) values (58, 20);
insert into order_items (order_id, product_id) values (58, 15);
insert into order_items (order_id, product_id) values (59, 22);
insert into order_items (order_id, product_id) values (60, 3);
insert into order_items (order_id, product_id) values (61, 1);
insert into order_items (order_id, product_id) values (62, 13);
insert into order_items (order_id, product_id) values (62, 3);
insert into order_items (order_id, product_id) values (62, 5);
insert into order_items (order_id, product_id) values (63, 15);
insert into order_items (order_id, product_id) values (64, 12);
insert into order_items (order_id, product_id) values (65, 3);


insert into customer_order (customer_id, order_id) values (1, 1);
insert into customer_order (customer_id, order_id) values (1, 2);
insert into customer_order (customer_id, order_id) values (3, 5);
insert into customer_order (customer_id, order_id) values (4, 6);
insert into customer_order (customer_id, order_id) values (6, 9);
insert into customer_order (customer_id, order_id) values (7, 10);
insert into customer_order (customer_id, order_id) values (11, 14);
insert into customer_order (customer_id, order_id) values (11, 15);
insert into customer_order (customer_id, order_id) values (12, 16);
insert into customer_order (customer_id, order_id) values (12, 17);
insert into customer_order (customer_id, order_id) values (13, 18);
insert into customer_order (customer_id, order_id) values (13, 19);
insert into customer_order (customer_id, order_id) values (16, 24);
insert into customer_order (customer_id, order_id) values (16, 25);
insert into customer_order (customer_id, order_id) values (17, 26);
insert into customer_order (customer_id, order_id) values (17, 27);
insert into customer_order (customer_id, order_id) values (19, 29);
insert into customer_order (customer_id, order_id) values (19, 30);
insert into customer_order (customer_id, order_id) values (20, 31);
insert into customer_order (customer_id, order_id) values (21, 32);
insert into customer_order (customer_id, order_id) values (21, 33);
insert into customer_order (customer_id, order_id) values (23, 35);
insert into customer_order (customer_id, order_id) values (27, 40);
insert into customer_order (customer_id, order_id) values (27, 41);
insert into customer_order (customer_id, order_id) values (28, 42);
insert into customer_order (customer_id, order_id) values (31, 46);
insert into customer_order (customer_id, order_id) values (33, 49);
insert into customer_order (customer_id, order_id) values (33, 50);
insert into customer_order (customer_id, order_id) values (36, 54);
insert into customer_order (customer_id, order_id) values (37, 55);
insert into customer_order (customer_id, order_id) values (37, 56);
insert into customer_order (customer_id, order_id) values (39, 59);
insert into customer_order (customer_id, order_id) values (39, 60);
insert into customer_order (customer_id, order_id) values (40, 61);


insert into order_tracker (order_id, shipper_id, tracking_number) values (3, 1, 1);
insert into order_tracker (order_id, shipper_id, tracking_number) values (4, 2, 2);
insert into order_tracker (order_id, shipper_id, tracking_number) values (7, 3, 3);
insert into order_tracker (order_id, shipper_id, tracking_number) values (8, 1, 4);
insert into order_tracker (order_id, shipper_id, tracking_number) values (11, 2, 5);
insert into order_tracker (order_id, shipper_id, tracking_number) values (12, 3, 6);
insert into order_tracker (order_id, shipper_id, tracking_number) values (13, 1, 7);
insert into order_tracker (order_id, shipper_id, tracking_number) values (20, 2, 8);
insert into order_tracker (order_id, shipper_id, tracking_number) values (21, 3, 9);
insert into order_tracker (order_id, shipper_id, tracking_number) values (22, 1, 10);
insert into order_tracker (order_id, shipper_id, tracking_number) values (23, 2, 11);
insert into order_tracker (order_id, shipper_id, tracking_number) values (28, 3, 12);
insert into order_tracker (order_id, shipper_id, tracking_number) values (34, 1, 13);
insert into order_tracker (order_id, shipper_id, tracking_number) values (36, 2, 14);
insert into order_tracker (order_id, shipper_id, tracking_number) values (37, 3, 15);
insert into order_tracker (order_id, shipper_id, tracking_number) values (38, 1, 16);
insert into order_tracker (order_id, shipper_id, tracking_number) values (39, 2, 17);
insert into order_tracker (order_id, shipper_id, tracking_number) values (43, 3, 18);
insert into order_tracker (order_id, shipper_id, tracking_number) values (44, 1, 19);
insert into order_tracker (order_id, shipper_id, tracking_number) values (45, 2, 20);
insert into order_tracker (order_id, shipper_id, tracking_number) values (48, 1, 21);
insert into order_tracker (order_id, shipper_id, tracking_number) values (51, 2, 22);
insert into order_tracker (order_id, shipper_id, tracking_number) values (52, 3, 23);
insert into order_tracker (order_id, shipper_id, tracking_number) values (53, 1, 24);
insert into order_tracker (order_id, shipper_id, tracking_number) values (57, 2, 25);
insert into order_tracker (order_id, shipper_id, tracking_number) values (58, 3, 26);
insert into order_tracker (order_id, shipper_id, tracking_number) values (62, 1, 27);
insert into order_tracker (order_id, shipper_id, tracking_number) values (63, 2, 28);
insert into order_tracker (order_id, shipper_id, tracking_number) values (64, 3, 29);
insert into order_tracker (order_id, shipper_id, tracking_number) values (65, 1, 30);


insert into cus_order_tracker (customer_id, tracking_number) values (2, 1);
insert into cus_order_tracker (customer_id, tracking_number) values (2, 2);
insert into cus_order_tracker (customer_id, tracking_number) values (5, 3);
insert into cus_order_tracker (customer_id, tracking_number) values (5, 4);
insert into cus_order_tracker (customer_id, tracking_number) values (8, 5);
insert into cus_order_tracker (customer_id, tracking_number) values (9, 6);
insert into cus_order_tracker (customer_id, tracking_number) values (10, 7);
insert into cus_order_tracker (customer_id, tracking_number) values (14, 8);
insert into cus_order_tracker (customer_id, tracking_number) values (14, 9);
insert into cus_order_tracker (customer_id, tracking_number) values (15, 10);
insert into cus_order_tracker (customer_id, tracking_number) values (15, 11);
insert into cus_order_tracker (customer_id, tracking_number) values (18, 12);
insert into cus_order_tracker (customer_id, tracking_number) values (22, 13);
insert into cus_order_tracker (customer_id, tracking_number) values (24, 14);
insert into cus_order_tracker (customer_id, tracking_number) values (24, 15);
insert into cus_order_tracker (customer_id, tracking_number) values (25, 16);
insert into cus_order_tracker (customer_id, tracking_number) values (26, 17);
insert into cus_order_tracker (customer_id, tracking_number) values (29, 18);
insert into cus_order_tracker (customer_id, tracking_number) values (30, 19);
insert into cus_order_tracker (customer_id, tracking_number) values (30, 20);
insert into cus_order_tracker (customer_id, tracking_number) values (32, 21);
insert into cus_order_tracker (customer_id, tracking_number) values (34, 22);
insert into cus_order_tracker (customer_id, tracking_number) values (35, 23);
insert into cus_order_tracker (customer_id, tracking_number) values (35, 24);
insert into cus_order_tracker (customer_id, tracking_number) values (38, 25);
insert into cus_order_tracker (customer_id, tracking_number) values (38, 26);
insert into cus_order_tracker (customer_id, tracking_number) values (41, 27);
insert into cus_order_tracker (customer_id, tracking_number) values (41, 28);
insert into cus_order_tracker (customer_id, tracking_number) values (42, 29);
insert into cus_order_tracker (customer_id, tracking_number) values (42, 30);


insert into online_store_order (order_id, store_id) values (3, 1);
insert into online_store_order (order_id, store_id) values (4, 2);
insert into online_store_order (order_id, store_id) values (7, 1);
insert into online_store_order (order_id, store_id) values (8, 2);
insert into online_store_order (order_id, store_id) values (11, 1);
insert into online_store_order (order_id, store_id) values (12, 2);
insert into online_store_order (order_id, store_id) values (13, 1);
insert into online_store_order (order_id, store_id) values (20, 2);
insert into online_store_order (order_id, store_id) values (21, 1);
insert into online_store_order (order_id, store_id) values (22, 2);
insert into online_store_order (order_id, store_id) values (23, 1);
insert into online_store_order (order_id, store_id) values (28, 2);
insert into online_store_order (order_id, store_id) values (34, 1);
insert into online_store_order (order_id, store_id) values (36, 2);
insert into online_store_order (order_id, store_id) values (37, 1);
insert into online_store_order (order_id, store_id) values (38, 2);
insert into online_store_order (order_id, store_id) values (39, 1);
insert into online_store_order (order_id, store_id) values (43, 2);
insert into online_store_order (order_id, store_id) values (44, 1);
insert into online_store_order (order_id, store_id) values (45, 2);
insert into online_store_order (order_id, store_id) values (48, 1);
insert into online_store_order (order_id, store_id) values (51, 2);
insert into online_store_order (order_id, store_id) values (52, 1);
insert into online_store_order (order_id, store_id) values (53, 2);
insert into online_store_order (order_id, store_id) values (57, 1);
insert into online_store_order (order_id, store_id) values (58, 2);
insert into online_store_order (order_id, store_id) values (62, 1);
insert into online_store_order (order_id, store_id) values (63, 2);
insert into online_store_order (order_id, store_id) values (64, 1);
insert into online_store_order (order_id, store_id) values (65, 2);


insert into store_order (store_id, order_id) values (1, 1);
insert into store_order (store_id, order_id) values (2, 2);
insert into store_order (store_id, order_id) values (3, 5);
insert into store_order (store_id, order_id) values (4, 6);
insert into store_order (store_id, order_id) values (5, 9);
insert into store_order (store_id, order_id) values (6, 10);
insert into store_order (store_id, order_id) values (7, 14);
insert into store_order (store_id, order_id) values (1, 15);
insert into store_order (store_id, order_id) values (2, 16);
insert into store_order (store_id, order_id) values (3, 17);
insert into store_order (store_id, order_id) values (4, 18);
insert into store_order (store_id, order_id) values (5, 19);
insert into store_order (store_id, order_id) values (6, 24);
insert into store_order (store_id, order_id) values (7, 25);
insert into store_order (store_id, order_id) values (1, 26);
insert into store_order (store_id, order_id) values (2, 27);
insert into store_order (store_id, order_id) values (3, 29);
insert into store_order (store_id, order_id) values (4, 30);
insert into store_order (store_id, order_id) values (5, 31);
insert into store_order (store_id, order_id) values (6, 32);
insert into store_order (store_id, order_id) values (7, 33);
insert into store_order (store_id, order_id) values (1, 35);
insert into store_order (store_id, order_id) values (2, 40);
insert into store_order (store_id, order_id) values (3, 41);
insert into store_order (store_id, order_id) values (4, 42);
insert into store_order (store_id, order_id) values (5, 46);
insert into store_order (store_id, order_id) values (6, 49);
insert into store_order (store_id, order_id) values (7, 50);
insert into store_order (store_id, order_id) values (1, 54);
insert into store_order (store_id, order_id) values (2, 55);
insert into store_order (store_id, order_id) values (3, 56);
insert into store_order (store_id, order_id) values (4, 59);
insert into store_order (store_id, order_id) values (5, 60);
insert into store_order (store_id, order_id) values (6, 61);


insert into sales_data (id, order_id, placed_on, arrived, approximate_time, arrival_time) values (1, 1, '2021-11-28', true, '2021-12-15', '2021-12-21');
insert into sales_data (id, order_id, placed_on, arrived, approximate_time, arrival_time) values (2, 2, '2021-12-01', true, '2021-12-29', '2021-12-05');
insert into sales_data (id, order_id, placed_on, arrived, approximate_time, arrival_time) values (3, 3, '2021-11-28', false, '2021-12-15', null);
insert into sales_data (id, order_id, placed_on, arrived, approximate_time, arrival_time) values (4, 4, '2021-12-03', true, '2021-12-21', '2021-12-21');
insert into sales_data (id, order_id, placed_on, arrived, approximate_time, arrival_time) values (5, 5, '2021-11-28', true, '2021-12-14', '2021-12-20');
insert into sales_data (id, order_id, placed_on, arrived, approximate_time, arrival_time) values (6, 6, '2021-11-28', false, '2021-12-04', null);
insert into sales_data (id, order_id, placed_on, arrived, approximate_time, arrival_time) values (7, 7, '2021-11-30', true, '2021-12-25', '2021-12-17');
insert into sales_data (id, order_id, placed_on, arrived, approximate_time, arrival_time) values (8, 8, '2021-11-29', true, '2021-12-29', '2021-12-28');
insert into sales_data (id, order_id, placed_on, arrived, approximate_time, arrival_time) values (9, 9, '2021-12-02', true, '2021-12-06', '2021-12-19');
insert into sales_data (id, order_id, placed_on, arrived, approximate_time, arrival_time) values (10, 10, '2021-12-01', true, '2021-12-26', '2021-12-23');
insert into sales_data (id, order_id, placed_on, arrived, approximate_time, arrival_time) values (11, 11, '2021-11-28', false, '2021-12-10', null);
insert into sales_data (id, order_id, placed_on, arrived, approximate_time, arrival_time) values (12, 12, '2021-12-02', true, '2021-12-23', '2021-12-09');
insert into sales_data (id, order_id, placed_on, arrived, approximate_time, arrival_time) values (13, 13, '2021-11-29', true, '2021-12-06', '2021-12-21');
insert into sales_data (id, order_id, placed_on, arrived, approximate_time, arrival_time) values (14, 14, '2021-11-28', true, '2021-12-06', '2021-12-06');
insert into sales_data (id, order_id, placed_on, arrived, approximate_time, arrival_time) values (15, 15, '2021-12-01', false, '2021-12-22', null);
insert into sales_data (id, order_id, placed_on, arrived, approximate_time, arrival_time) values (16, 16, '2021-12-03', false, '2021-12-18', null);
insert into sales_data (id, order_id, placed_on, arrived, approximate_time, arrival_time) values (17, 17, '2021-12-03', false, '2021-12-06', null);
insert into sales_data (id, order_id, placed_on, arrived, approximate_time, arrival_time) values (18, 18, '2021-11-30', true, '2021-12-13', '2021-12-18');
insert into sales_data (id, order_id, placed_on, arrived, approximate_time, arrival_time) values (19, 19, '2021-12-02', false, '2021-12-11', null);
insert into sales_data (id, order_id, placed_on, arrived, approximate_time, arrival_time) values (20, 20, '2021-11-28', false, '2021-12-29', null);
insert into sales_data (id, order_id, placed_on, arrived, approximate_time, arrival_time) values (21, 21, '2021-11-30', true, '2021-12-08', '2021-12-27');
insert into sales_data (id, order_id, placed_on, arrived, approximate_time, arrival_time) values (22, 22, '2021-12-01', false, '2021-12-18', null);
insert into sales_data (id, order_id, placed_on, arrived, approximate_time, arrival_time) values (23, 23, '2021-12-03', false, '2021-12-13', null);
insert into sales_data (id, order_id, placed_on, arrived, approximate_time, arrival_time) values (24, 24, '2021-11-29', true, '2021-12-20', '2021-12-11');
insert into sales_data (id, order_id, placed_on, arrived, approximate_time, arrival_time) values (25, 25, '2021-11-28', false, '2021-12-14', null);
insert into sales_data (id, order_id, placed_on, arrived, approximate_time, arrival_time) values (26, 26, '2021-11-29', false, '2021-12-18', null);
insert into sales_data (id, order_id, placed_on, arrived, approximate_time, arrival_time) values (27, 27, '2021-12-03', true, '2021-12-12', '2021-12-06');
insert into sales_data (id, order_id, placed_on, arrived, approximate_time, arrival_time) values (28, 28, '2021-11-29', true, '2021-12-09', '2021-12-10');
insert into sales_data (id, order_id, placed_on, arrived, approximate_time, arrival_time) values (29, 29, '2021-11-28', true, '2021-12-10', '2021-12-25');
insert into sales_data (id, order_id, placed_on, arrived, approximate_time, arrival_time) values (30, 30, '2021-11-30', true, '2021-12-14', '2021-12-20');
insert into sales_data (id, order_id, placed_on, arrived, approximate_time, arrival_time) values (31, 31, '2021-12-02', false, '2021-12-12', null);
insert into sales_data (id, order_id, placed_on, arrived, approximate_time, arrival_time) values (32, 32, '2021-12-01', true, '2021-12-11', '2021-12-12');
insert into sales_data (id, order_id, placed_on, arrived, approximate_time, arrival_time) values (33, 33, '2021-12-03', false, '2021-12-10', null);
insert into sales_data (id, order_id, placed_on, arrived, approximate_time, arrival_time) values (34, 34, '2021-11-29', false, '2021-12-21', null);
insert into sales_data (id, order_id, placed_on, arrived, approximate_time, arrival_time) values (35, 35, '2021-11-28', false, '2021-12-18', null);
insert into sales_data (id, order_id, placed_on, arrived, approximate_time, arrival_time) values (36, 36, '2021-11-30', true, '2021-12-23', '2021-12-04');
insert into sales_data (id, order_id, placed_on, arrived, approximate_time, arrival_time) values (37, 37, '2021-11-28', true, '2021-12-04', '2021-12-21');
insert into sales_data (id, order_id, placed_on, arrived, approximate_time, arrival_time) values (38, 38, '2021-11-30', true, '2021-12-29', '2021-12-30');
insert into sales_data (id, order_id, placed_on, arrived, approximate_time, arrival_time) values (39, 39, '2021-11-29', false, '2021-12-25', null);
insert into sales_data (id, order_id, placed_on, arrived, approximate_time, arrival_time) values (40, 40, '2021-12-03', true, '2021-12-23', '2021-12-26');
insert into sales_data (id, order_id, placed_on, arrived, approximate_time, arrival_time) values (41, 41, '2021-12-03', false, '2021-12-20', null);
insert into sales_data (id, order_id, placed_on, arrived, approximate_time, arrival_time) values (42, 42, '2021-12-03', false, '2021-12-30', null);
insert into sales_data (id, order_id, placed_on, arrived, approximate_time, arrival_time) values (43, 43, '2021-11-28', true, '2021-12-06', '2021-12-28');
insert into sales_data (id, order_id, placed_on, arrived, approximate_time, arrival_time) values (44, 44, '2021-11-29', true, '2021-12-06', '2021-12-08');
insert into sales_data (id, order_id, placed_on, arrived, approximate_time, arrival_time) values (45, 45, '2021-12-03', true, '2021-12-12', '2021-12-25');
insert into sales_data (id, order_id, placed_on, arrived, approximate_time, arrival_time) values (46, 46, '2021-12-03', true, '2021-12-10', '2021-12-17');
insert into sales_data (id, order_id, placed_on, arrived, approximate_time, arrival_time) values (47, 47, '2021-12-01', false, '2021-12-07', null);
insert into sales_data (id, order_id, placed_on, arrived, approximate_time, arrival_time) values (48, 48, '2021-12-02', false, '2021-12-18', null);
insert into sales_data (id, order_id, placed_on, arrived, approximate_time, arrival_time) values (49, 49, '2021-12-03', true, '2021-12-11', '2021-12-14');
insert into sales_data (id, order_id, placed_on, arrived, approximate_time, arrival_time) values (50, 50, '2021-11-28', false, '2021-12-15', null);
insert into sales_data (id, order_id, placed_on, arrived, approximate_time, arrival_time) values (51, 51, '2021-11-30', true, '2021-12-14', '2021-12-22');
insert into sales_data (id, order_id, placed_on, arrived, approximate_time, arrival_time) values (52, 52, '2021-11-30', false, '2021-12-20', null);
insert into sales_data (id, order_id, placed_on, arrived, approximate_time, arrival_time) values (53, 53, '2021-11-30', false, '2021-12-30', null);
insert into sales_data (id, order_id, placed_on, arrived, approximate_time, arrival_time) values (54, 54, '2021-11-29', true, '2021-12-17', '2021-12-19');
insert into sales_data (id, order_id, placed_on, arrived, approximate_time, arrival_time) values (55, 55, '2021-11-30', false, '2021-12-10', null);
insert into sales_data (id, order_id, placed_on, arrived, approximate_time, arrival_time) values (56, 56, '2021-11-29', true, '2021-12-11', '2021-12-19');
insert into sales_data (id, order_id, placed_on, arrived, approximate_time, arrival_time) values (57, 57, '2021-11-29', false, '2021-12-20', null);
insert into sales_data (id, order_id, placed_on, arrived, approximate_time, arrival_time) values (58, 58, '2021-12-03', false, '2021-12-15', null);
insert into sales_data (id, order_id, placed_on, arrived, approximate_time, arrival_time) values (59, 59, '2021-12-02', false, '2021-12-08', null);
insert into sales_data (id, order_id, placed_on, arrived, approximate_time, arrival_time) values (60, 60, '2021-11-30', true, '2021-12-07', '2021-12-25');
insert into sales_data (id, order_id, placed_on, arrived, approximate_time, arrival_time) values (61, 61, '2021-12-02', false, '2021-12-13', null);
insert into sales_data (id, order_id, placed_on, arrived, approximate_time, arrival_time) values (62, 62, '2021-12-01', false, '2021-12-28', null);
insert into sales_data (id, order_id, placed_on, arrived, approximate_time, arrival_time) values (63, 63, '2021-11-28', true, '2021-12-18', '2021-12-18');
insert into sales_data (id, order_id, placed_on, arrived, approximate_time, arrival_time) values (64, 64, '2021-11-30', true, '2021-12-12', '2021-12-10');
insert into sales_data (id, order_id, placed_on, arrived, approximate_time, arrival_time) values (65, 65, '2021-11-28', false, '2021-12-12', null);


insert into product_data (id, product_id, unit_sold) values (1, 1, 4);
insert into product_data (id, product_id, unit_sold) values (2, 2, 2);
insert into product_data (id, product_id, unit_sold) values (3, 3, 6);
insert into product_data (id, product_id, unit_sold) values (4, 4, 4);
insert into product_data (id, product_id, unit_sold) values (5, 5, 5);
insert into product_data (id, product_id, unit_sold) values (6, 6, 0);
insert into product_data (id, product_id, unit_sold) values (7, 7, 3);
insert into product_data (id, product_id, unit_sold) values (8, 8, 5);
insert into product_data (id, product_id, unit_sold) values (9, 9, 2);
insert into product_data (id, product_id, unit_sold) values (10, 10, 2);
insert into product_data (id, product_id, unit_sold) values (11, 11, 4);
insert into product_data (id, product_id, unit_sold) values (12, 12, 4);
insert into product_data (id, product_id, unit_sold) values (13, 13, 3);
insert into product_data (id, product_id, unit_sold) values (14, 14, 1);
insert into product_data (id, product_id, unit_sold) values (15, 15, 5);
insert into product_data (id, product_id, unit_sold) values (16, 16, 3);
insert into product_data (id, product_id, unit_sold) values (17, 17, 7);
insert into product_data (id, product_id, unit_sold) values (18, 18, 3);
insert into product_data (id, product_id, unit_sold) values (19, 19, 1);
insert into product_data (id, product_id, unit_sold) values (20, 20, 7);
insert into product_data (id, product_id, unit_sold) values (21, 21, 3);
insert into product_data (id, product_id, unit_sold) values (22, 22, 2);
insert into product_data (id, product_id, unit_sold) values (23, 23, 1);
insert into product_data (id, product_id, unit_sold) values (24, 24, 1);
insert into product_data (id, product_id, unit_sold) values (25, 25, 3);


insert into customer_data (id, customer_id, spend) values (1, 1, 1248.99);
insert into customer_data (id, customer_id, spend) values (2, 2, 339.99);
insert into customer_data (id, customer_id, spend) values (3, 3, 20);
insert into customer_data (id, customer_id, spend) values (4, 4, 1060.99);
insert into customer_data (id, customer_id, spend) values (5, 5, 1198.99);
insert into customer_data (id, customer_id, spend) values (6, 6, 479.99);
insert into customer_data (id, customer_id, spend) values (7, 7, 7.9);
insert into customer_data (id, customer_id, spend) values (8, 8, 230);
insert into customer_data (id, customer_id, spend) values (9, 9, 999);
insert into customer_data (id, customer_id, spend) values (10, 10, 143.99);
insert into customer_data (id, customer_id, spend) values (11, 11, 359.99);
insert into customer_data (id, customer_id, spend) values (12, 12, 1187.98);
insert into customer_data (id, customer_id, spend) values (13, 13, 1278);
insert into customer_data (id, customer_id, spend) values (14, 14, 508);
insert into customer_data (id, customer_id, spend) values (15, 15, 2909);
insert into customer_data (id, customer_id, spend) values (16, 16, 2928);
insert into customer_data (id, customer_id, spend) values (17, 17, 749.99);
insert into customer_data (id, customer_id, spend) values (18, 18, 140);
insert into customer_data (id, customer_id, spend) values (19, 19, 1498.99);
insert into customer_data (id, customer_id, spend) values (20, 20, 1428);
insert into customer_data (id, customer_id, spend) values (21, 21, 279.99);
insert into customer_data (id, customer_id, spend) values (22, 22, 850);
insert into customer_data (id, customer_id, spend) values (23, 23, 730);
insert into customer_data (id, customer_id, spend) values (24, 24, 409.98);
insert into customer_data (id, customer_id, spend) values (25, 25, 60);
insert into customer_data (id, customer_id, spend) values (26, 26, 349.99);
insert into customer_data (id, customer_id, spend) values (27, 27, 1298.99);
insert into customer_data (id, customer_id, spend) values (28, 28, 1999);
insert into customer_data (id, customer_id, spend) values (29, 29, 1199);
insert into customer_data (id, customer_id, spend) values (30, 30, 1009);
insert into customer_data (id, customer_id, spend) values (31, 31, 1079);
insert into customer_data (id, customer_id, spend) values (32, 32, 2348.98);
insert into customer_data (id, customer_id, spend) values (33, 33, 391.99);
insert into customer_data (id, customer_id, spend) values (34, 34, 951);
insert into customer_data (id, customer_id, spend) values (35, 35, 1169.99);
insert into customer_data (id, customer_id, spend) values (36, 36, 730);
insert into customer_data (id, customer_id, spend) values (37, 37, 2069);
insert into customer_data (id, customer_id, spend) values (38, 38, 397.98);
insert into customer_data (id, customer_id, spend) values (39, 39, 282.99);
insert into customer_data (id, customer_id, spend) values (40, 40, 999);
insert into customer_data (id, customer_id, spend) values (41, 41, 2020);
insert into customer_data (id, customer_id, spend) values (42, 42, 388.99);


insert into quantity_in_store (store_id, product_id, quantity) values (1,1,2);
insert into quantity_in_store (store_id, product_id, quantity) values (1,2,5);
insert into quantity_in_store (store_id, product_id, quantity) values (1,3,2);
insert into quantity_in_store (store_id, product_id, quantity) values (1,4,4);
insert into quantity_in_store (store_id, product_id, quantity) values (1,25,0);
insert into quantity_in_store (store_id, product_id, quantity) values (1,15,0);
insert into quantity_in_store (store_id, product_id, quantity) values (1,5,0);
insert into quantity_in_store (store_id, product_id, quantity) values (1,9,0);
insert into quantity_in_store (store_id, product_id, quantity) values (1,11,0);
insert into quantity_in_store (store_id, product_id, quantity) values (1,13,0);
insert into quantity_in_store (store_id, product_id, quantity) values (2,1,2);
insert into quantity_in_store (store_id, product_id, quantity) values (2,2,5);
insert into quantity_in_store (store_id, product_id, quantity) values (2,3,1);
insert into quantity_in_store (store_id, product_id, quantity) values (2,4,3);
insert into quantity_in_store (store_id, product_id, quantity) values (2,8,0);
insert into quantity_in_store (store_id, product_id, quantity) values (2,18,0);
insert into quantity_in_store (store_id, product_id, quantity) values (2,20,0);
insert into quantity_in_store (store_id, product_id, quantity) values (2,24,0);
insert into quantity_in_store (store_id, product_id, quantity) values (2,17,0);
insert into quantity_in_store (store_id, product_id, quantity) values (2,5,0);
insert into quantity_in_store (store_id, product_id, quantity) values (2,7,0);
insert into quantity_in_store (store_id, product_id, quantity) values (2,14,0);
insert into quantity_in_store (store_id, product_id, quantity) values (2,15,0);
insert into quantity_in_store (store_id, product_id, quantity) values (2,6,0);
insert into quantity_in_store (store_id, product_id, quantity) values (3,1,2);
insert into quantity_in_store (store_id, product_id, quantity) values (3,2,5);
insert into quantity_in_store (store_id, product_id, quantity) values (3,3,1);
insert into quantity_in_store (store_id, product_id, quantity) values (3,4,3);
insert into quantity_in_store (store_id, product_id, quantity) values (3,14,0);
insert into quantity_in_store (store_id, product_id, quantity) values (3,11,0);
insert into quantity_in_store (store_id, product_id, quantity) values (3,20,0);
insert into quantity_in_store (store_id, product_id, quantity) values (3,18,0);
insert into quantity_in_store (store_id, product_id, quantity) values (3,10,0);
insert into quantity_in_store (store_id, product_id, quantity) values (3,17,0);
insert into quantity_in_store (store_id, product_id, quantity) values (3,21,0);
insert into quantity_in_store (store_id, product_id, quantity) values (3,22,0);
insert into quantity_in_store (store_id, product_id, quantity) values (3,23,0);
insert into quantity_in_store (store_id, product_id, quantity) values (4,1,3);
insert into quantity_in_store (store_id, product_id, quantity) values (4,2,4);
insert into quantity_in_store (store_id, product_id, quantity) values (4,3,2);
insert into quantity_in_store (store_id, product_id, quantity) values (4,4,3);
insert into quantity_in_store (store_id, product_id, quantity) values (4,13,0);
insert into quantity_in_store (store_id, product_id, quantity) values (4,12,0);
insert into quantity_in_store (store_id, product_id, quantity) values (4,8,0);
insert into quantity_in_store (store_id, product_id, quantity) values (4,22,0);
insert into quantity_in_store (store_id, product_id, quantity) values (4,24,0);
insert into quantity_in_store (store_id, product_id, quantity) values (5,1,3);
insert into quantity_in_store (store_id, product_id, quantity) values (5,2,4);
insert into quantity_in_store (store_id, product_id, quantity) values (5,3,2);
insert into quantity_in_store (store_id, product_id, quantity) values (5,4,3);
insert into quantity_in_store (store_id, product_id, quantity) values (5,12,0);
insert into quantity_in_store (store_id, product_id, quantity) values (5,16,0);
insert into quantity_in_store (store_id, product_id, quantity) values (5,17,0);
insert into quantity_in_store (store_id, product_id, quantity) values (5,8,0);
insert into quantity_in_store (store_id, product_id, quantity) values (5,7,0);
insert into quantity_in_store (store_id, product_id, quantity) values (5,9,0);
insert into quantity_in_store (store_id, product_id, quantity) values (5,6,0);
insert into quantity_in_store (store_id, product_id, quantity) values (5,19,0);
insert into quantity_in_store (store_id, product_id, quantity) values (5,18,0);
insert into quantity_in_store (store_id, product_id, quantity) values (5,25,0);
insert into quantity_in_store (store_id, product_id, quantity) values (6,1,3);
insert into quantity_in_store (store_id, product_id, quantity) values (6,2,4);
insert into quantity_in_store (store_id, product_id, quantity) values (6,3,2);
insert into quantity_in_store (store_id, product_id, quantity) values (6,4,3);
insert into quantity_in_store (store_id, product_id, quantity) values (6,23,0);
insert into quantity_in_store (store_id, product_id, quantity) values (6,10,0);
insert into quantity_in_store (store_id, product_id, quantity) values (6,16,0);
insert into quantity_in_store (store_id, product_id, quantity) values (6,21,0);
insert into quantity_in_store (store_id, product_id, quantity) values (6,19,0);
insert into quantity_in_store (store_id, product_id, quantity) values (6,6,0);
insert into quantity_in_store (store_id, product_id, quantity) values (7,1,3);
insert into quantity_in_store (store_id, product_id, quantity) values (7,2,4);
insert into quantity_in_store (store_id, product_id, quantity) values (7,3,2);
insert into quantity_in_store (store_id, product_id, quantity) values (7,4,3);
insert into quantity_in_store (store_id, product_id, quantity) values (7,20,0);
insert into quantity_in_store (store_id, product_id, quantity) values (7,7,0);
insert into quantity_in_store (store_id, product_id, quantity) values (7,25,0);
insert into quantity_in_store (store_id, product_id, quantity) values (7,11,0);
insert into quantity_in_store (store_id, product_id, quantity) values (7,13,0);
insert into quantity_in_store (store_id, product_id, quantity) values (7,14,0);
insert into quantity_in_store (store_id, product_id, quantity) values (7,15,0);
insert into quantity_in_store (store_id, product_id, quantity) values (7,21,0);
insert into quantity_in_store (store_id, product_id, quantity) values (7,22,0);
insert into quantity_in_store (store_id, product_id, quantity) values (7,23,0);
insert into quantity_in_store (store_id, product_id, quantity) values (7,24,0);